government,afinn_sentiment_avg,afinn_sd_avg,afinn_sentiment_wtd,afinn_sd_wtd,jockers_sentiment_avg,jockers_sd_avg,jockers_sentiment_wtd,jockers_sd_wtd,nrc_sentiment_avg,nrc_sd_avg,nrc_sentiment_wtd,nrc_sd_wtd,sentiword_sentiment_avg,sentiword_sd_avg,sentiword_sentiment_wtd,sentiword_sd_wtd,hu_sentiment_avg,hu_sd_avg,hu_sentiment_wtd,hu_sd_wtd,rheault_sentiment_avg,rheault_sd_avg,rheault_sentiment_wtd,rheault_sd_wtd,tot_speeches,tot_words,avg_speech_length
Government,0.22152212134695912,0.514413217769272,0.26451222774667144,0.645675924790775,0.16224089926565186,0.2528095103046033,0.1550584319418405,0.273730393758305,0.20341689637155627,0.344031578575813,0.21824896988477338,0.3839032169850022,0.035217062284251206,0.13963203837759572,0.03018354843644745,0.15564547243428606,0.09556763391364935,0.3069820389981511,0.09827127599100746,0.3676562356874507,0.2391935806585341,0.2339505290121067,0.2639573699608918,0.2639573699608918,1301411,215392700,165.50705349808786
Opposition,0.1015599311669449,0.5181763058998775,0.1303555796542636,0.6655954316794238,0.08700128481597368,0.2404120409996482,0.08276256020930446,0.2672238471176614,0.1315847757119813,0.3373121781557381,0.1418877245262388,0.3862137646887586,0.025104731264173764,0.13926849799856592,0.018439758424723666,0.15769748221352958,0.021839740418228153,0.3029034007354235,0.014041946307705801,0.37142753481557117,0.19213907596397373,0.21945600063073403,0.20817470438048172,0.20817470438048172,932680,189189272,202.844782776515
