gender,afinn_sentiment_avg,afinn_sd_avg,afinn_sentiment_wtd,afinn_sd_wtd,jockers_sentiment_avg,jockers_sd_avg,jockers_sentiment_wtd,jockers_sd_wtd,nrc_sentiment_avg,nrc_sd_avg,nrc_sentiment_wtd,nrc_sd_wtd,huliu_sentiment_avg,huliu_sd_avg,huliu_sentiment_wtd,huliu_sd_wtd,rheault_sentiment_avg,rheault_sd_avg,rheault_sentiment_wtd,rheault_sd_wtd,tot_speeches,tot_words,avg_speech_length
Female,0.18668518795863295,0.5420707653821045,0.23199616423640476,0.7460749426667225,0.1382239034574476,0.249124598818319,0.13527700543654658,0.27918433479466476,0.18435616725137235,0.34448809899345467,0.20272196029939457,0.4032301723946566,0.0751883959298385,0.3145079561934443,0.08345266629650636,0.4122444034618715,0.23699767406004513,0.24215105146118884,0.25439081517354334,0.25439081517354334,293513,50034144,170.46653470204046
Male,0.165461388600527,0.5208343278462831,0.2108230371170865,0.7035159352214875,0.1276904197607278,0.2443871705659884,0.12009502090029846,0.2683615854110099,0.1746283893136377,0.34135474517170816,0.18763330016434604,0.390955962118636,0.06102996046970993,0.30846278599237126,0.05786901676321389,0.3896265921531121,0.2164973612972132,0.2312162337418119,0.225378781841016,0.225378781841016,1936844,348780883,180.07691016932702
