gender,afinn_sentiment_avg,afinn_sd_avg,afinn_sentiment_wtd,afinn_sd_wtd,jockers_sentiment_avg,jockers_sd_avg,jockers_sentiment_wtd,jockers_sd_wtd,nrc_sentiment_avg,nrc_sd_avg,nrc_sentiment_wtd,nrc_sd_wtd,huliu_sentiment_avg,huliu_sd_avg,huliu_sentiment_wtd,huliu_sd_wtd,rheault_sentiment_avg,rheault_sd_avg,rheault_sentiment_wtd,rheault_sd_wtd,tot_speeches,tot_words,avg_speech_length
Female,0.19795296609734156,0.5593193475246572,0.24362827637654436,0.7632978493385755,0.14226496959196502,0.25412957717541873,0.13985611749053925,0.2855890861958708,0.1898545308846145,0.3508502277132976,0.20867394879700907,0.41034382283704723,0.07977669179537011,0.32244345667736835,0.09317170622910943,0.4210994765627305,0.24342320335810644,0.24887858713135524,0.2606940723746885,0.2606940723746885,290986,49603986,170.46863422982548
Male,0.1762871221507147,0.5358927465355359,0.22279523752723215,0.7200771669121795,0.1321519084628739,0.24915032040615384,0.1245406785470048,0.2742360717863254,0.1805851801574317,0.3472567073197637,0.19372668038571564,0.39798753175248847,0.06639873778148406,0.31487999551158413,0.0645396679109945,0.3954664985693405,0.22225506814806892,0.23736857293412664,0.23111099993501735,0.23111099993501735,1922939,346271835,180.07426912658175
