gender,afinn_sentiment_avg,afinn_sd_avg,afinn_sentiment_wtd,afinn_sd_wtd,jockers_sentiment_avg,jockers_sd_avg,jockers_sentiment_wtd,jockers_sd_wtd,nrc_sentiment_avg,nrc_sd_avg,nrc_sentiment_wtd,nrc_sd_wtd,huliu_sentiment_avg,huliu_sd_avg,huliu_sentiment_wtd,huliu_sd_wtd,rheault_sentiment_avg,rheault_sd_avg,rheault_sentiment_wtd,rheault_sd_wtd,tot_speeches,tot_words,avg_speech_length
Female,0.19493054578354985,0.5507144638513797,0.23842093629004715,0.7523351987644125,0.1420389868164949,0.25307381505784143,0.13892700568496716,0.28424381916846364,0.18877663760364377,0.34859106760968794,0.2065312118720488,0.40751533690713365,0.07905495096179771,0.31805131858439306,0.0915839151351231,0.41583173916691346,0.24259776854013315,0.2477818497873831,0.2590390112732444,0.2590390112732444,285742,46218352,161.74854239138804
Male,0.17420195785872844,0.5292293725962518,0.21613357898660335,0.700298798794278,0.1316732021041434,0.24843719259012748,0.12437874088255041,0.27295183277986046,0.1794735730807971,0.3458198397402726,0.19299687998653056,0.39514767860735894,0.06586573578021596,0.3119945074745534,0.0642506645349995,0.39049754034711814,0.22161844987081367,0.23683285898316875,0.23009083920269854,0.23009083920269854,1883606,327104863,173.65885593908706
