gender,afinn_sentiment_avg,afinn_sd_avg,afinn_sentiment_wtd,afinn_sd_wtd,jockers_sentiment_avg,jockers_sd_avg,jockers_sentiment_wtd,jockers_sd_wtd,nrc_sentiment_avg,nrc_sd_avg,nrc_sentiment_wtd,nrc_sd_wtd,sentiword_sentiment_avg,sentiword_sd_avg,sentiword_sentiment_wtd,sentiword_sd_wtd,hu_sentiment_avg,hu_sd_avg,hu_sentiment_wtd,hu_sd_wtd,rheault_sentiment_avg,rheault_sd_avg,rheault_sentiment_wtd,rheault_sd_wtd,tot_speeches,tot_words,avg_speech_length
Female,0.18858394360762576,0.5289761439949826,0.21893793139631773,0.6762069711303301,0.13940833364105734,0.2516540226663083,0.13154884366036154,0.2782950739798399,0.18167350353539827,0.3426802065643023,0.19227181184893946,0.39027616673829996,0.03356548170696061,0.14187108465563567,0.027716167529244915,0.15994001713563863,0.07436183653416555,0.30760872806480594,0.07161454457667035,0.37750683981229294,0.23351821799996625,0.23465994280042304,0.26248119247799667,0.26248119247799667,294534,50760920,172.3431590240855
Male,0.16883745041704123,0.513883785530096,0.19931654409507732,0.6519273144187259,0.12952749268814392,0.24729475575092577,0.11977439516356879,0.26960282271489155,0.17217666273512927,0.34115500873056614,0.18114517432681373,0.38422211799787603,0.03060512138122329,0.13911794529672833,0.024258088246478716,0.15612456345765743,0.0633341376152985,0.3050116496378989,0.057057885010961484,0.36825585392428895,0.21791519839388293,0.2277749188175919,0.2396670716109264,0.2396670716109264,1939557,353821052,182.42364209971657
