government,afinn_sentiment_avg,afinn_sd_avg,afinn_sentiment_wtd,afinn_sd_wtd,jockers_sentiment_avg,jockers_sd_avg,jockers_sentiment_wtd,jockers_sd_wtd,nrc_sentiment_avg,nrc_sd_avg,nrc_sentiment_wtd,nrc_sd_wtd,huliu_sentiment_avg,huliu_sd_avg,huliu_sentiment_wtd,huliu_sd_wtd,rheault_sentiment_avg,rheault_sd_avg,rheault_sentiment_wtd,rheault_sd_wtd,tot_speeches,tot_words,avg_speech_length
Government,0.21677478412269371,0.5194854750990704,0.2816153844034439,0.7072044076331889,0.15941881906336022,0.24976869360261483,0.15501561431601946,0.27286381356319217,0.20509360959641892,0.3437890212215724,0.22453811702417226,0.390842834857034,0.09259507529317781,0.30920562293870973,0.1003983985342707,0.3856953016903431,0.23958281033379447,0.23725351273280854,0.2524437012228682,0.2524437012228682,1299078,212406164,163.505319926902
Opposition,0.10057144454815427,0.5300332356538108,0.1358408103522963,0.7107309659934281,0.0867510760098328,0.23781872490874043,0.08437927442560138,0.2661189242775654,0.1351971682201989,0.3387171620180627,0.1496315534965702,0.39438316279946534,0.02146087175684046,0.30937193182965095,0.016275249655222812,0.400200784241826,0.19075567629885412,0.22574030923456936,0.20232642594860334,0.20232642594860334,931279,186408863,200.16435783476274
