government,afinn_sentiment_avg,afinn_sd_avg,afinn_sentiment_wtd,afinn_sd_wtd,jockers_sentiment_avg,jockers_sd_avg,jockers_sentiment_wtd,jockers_sd_wtd,nrc_sentiment_avg,nrc_sd_avg,nrc_sentiment_wtd,nrc_sd_wtd,huliu_sentiment_avg,huliu_sd_avg,huliu_sentiment_wtd,huliu_sd_wtd,rheault_sentiment_avg,rheault_sd_avg,rheault_sentiment_wtd,rheault_sd_wtd,tot_speeches,tot_words,avg_speech_length
Government,0.22992941922314847,0.5357951402197959,0.29607361934043613,0.7241423680821336,0.1649369978967266,0.2547332324229137,0.16065848413428685,0.2790140613537051,0.21195090999975244,0.3499299700085946,0.23148679403463604,0.3979634070846,0.09912600099682477,0.3161909464584933,0.10855526644623967,0.39325249377233135,0.2466408459418456,0.24391459954232075,0.2593590015169947,0.2593590015169947,1290379,210873546,163.41985261694433
Opposition,0.10816443374388177,0.543898658343814,0.14485527462313547,0.7270247366866163,0.08953093266648071,0.2423600056535367,0.08747852393842044,0.27181503882229047,0.13968150257396103,0.34441094262202926,0.15469383622475166,0.40133141009858814,0.024887242031555602,0.31543035734334884,0.022045800662300833,0.4048798156664788,0.19485278978670115,0.2313093411472903,0.20684471483192474,0.20684471483192474,923546,185002275,200.3173366567556
