gender,afinn_sentiment_avg,afinn_sd_avg,afinn_sentiment_wtd,afinn_sd_wtd,jockers_sentiment_avg,jockers_sd_avg,jockers_sentiment_wtd,jockers_sd_wtd,nrc_sentiment_avg,nrc_sd_avg,nrc_sentiment_wtd,nrc_sd_wtd,huliu_sentiment_avg,huliu_sd_avg,huliu_sentiment_wtd,huliu_sd_wtd,rheault_sentiment_avg,rheault_sd_avg,rheault_sentiment_wtd,rheault_sd_wtd,jockers_rinker_sentiment_avg,jockers_rinker_sd_avg,jockers_rinker_sentiment_wtd,jockers_rinker_sd_wtd,senticnet_sentiment_avg,senticnet_sd_avg,senticnet_sentiment_wtd,senticnet_sd_wtd,tot_speeches,tot_words,avg_speech_length
Female,0.16210455443194033,0.4350330293776406,0.18056062951477136,0.523581994403889,0.13840662268705037,0.24242655984373218,0.13129892522723222,0.26407036267925665,0.1742025424696408,0.3117616545056001,0.18175389100455555,0.34209418227311106,0.06743891912061308,0.25713836605542006,0.06138723476697135,0.2980803822970204,0.24327493984436258,0.24392047723817134,0.2558316919691989,0.2558316919691989,0.12692115331349196,0.2553145884286569,0.11573830848880258,0.11573830848880258,0.25218136671895064,0.31629661058681996,0.2690288105866012,0.2690288105866012,294112,48284482,164.17039087150474
Male,0.1445511514745763,0.41467170423370786,0.1647716547669951,0.49101031502939996,0.1285628076610643,0.23644814316882887,0.11848462638540336,0.25265312877133583,0.1661752750943077,0.3086660549415199,0.17122098586172294,0.33442941522612835,0.057769339651252014,0.2524214813919078,0.050439629287854414,0.2876689641283651,0.22124470334898114,0.23223281558342745,0.2269304100499104,0.2269304100499104,0.11699127267458422,0.24979288797219126,0.10241606804164177,0.10241606804164177,0.2359667824870123,0.3106887242979684,0.24230004339829478,0.24230004339829478,1902863,334200011,175.63009580826366
