government,afinn_sentiment_avg,afinn_sd_avg,afinn_sentiment_wtd,afinn_sd_wtd,jockers_sentiment_avg,jockers_sd_avg,jockers_sentiment_wtd,jockers_sd_wtd,nrc_sentiment_avg,nrc_sd_avg,nrc_sentiment_wtd,nrc_sd_wtd,huliu_sentiment_avg,huliu_sd_avg,huliu_sentiment_wtd,huliu_sd_wtd,rheault_sentiment_avg,rheault_sd_avg,rheault_sentiment_wtd,rheault_sd_wtd,jockers_rinker_sentiment_avg,jockers_rinker_sd_avg,jockers_rinker_sentiment_wtd,jockers_rinker_sd_wtd,senticnet_sentiment_avg,senticnet_sd_avg,senticnet_sentiment_wtd,senticnet_sd_wtd,tot_speeches,tot_words,avg_speech_length
FALSE,0.11269253219765134,0.42278826143804593,0.1251299307558206,0.5008765180647474,0.10343219549446159,0.23281005911371103,0.09437265701695047,0.2511815324882347,0.1426552860983331,0.3064911641542783,0.14534998996375134,0.3349978138113078,0.03750602202302778,0.2516414827330781,0.025726086239788948,0.28845072588277343,0.211179479268106,0.23103780136666813,0.21476082785725392,0.21476082785725392,0.09126951341899274,0.2460711737135642,0.07729319328645888,0.07729319328645888,0.2310183209686317,0.3113728675244867,0.2360802791511265,0.2360802791511265,1138323,209133355,183.72057403742173
TRUE,0.18368399732171356,0.4120727156370811,0.2169938052062292,0.4882117466510366,0.15831945853240492,0.24174000247619992,0.1511428996264633,0.25758606730428296,0.19369542344915783,0.3116988943469186,0.2053659248935673,0.3358741091083761,0.08224399219940358,0.2544945757968598,0.08330370907992582,0.2896197499939411,0.2381877903950961,0.23662777552433714,0.24966201149753006,0.24966201149753006,0.14740746913534097,0.2550440639124722,0.1364353922405219,0.1364353922405219,0.2457923449557097,0.31153291118231763,0.25724857429576903,0.25724857429576903,1058652,173351138,163.7470462437137
