government,afinn_sentiment_avg,afinn_sd_avg,afinn_sentiment_wtd,afinn_sd_wtd,jockers_sentiment_avg,jockers_sd_avg,jockers_sentiment_wtd,jockers_sd_wtd,nrc_sentiment_avg,nrc_sd_avg,nrc_sentiment_wtd,nrc_sd_wtd,huliu_sentiment_avg,huliu_sd_avg,huliu_sentiment_wtd,huliu_sd_wtd,rheault_sentiment_avg,rheault_sd_avg,rheault_sentiment_wtd,rheault_sd_wtd,tot_speeches,tot_words,avg_speech_length
Government,0.22808159903300437,0.5295706125210874,0.2866246113146093,0.7002716383046178,0.1646303683080553,0.2540958279329339,0.1606264270157277,0.2779717837100213,0.21103641420041427,0.3486300861101884,0.23072395715575433,0.39558024361795013,0.0986067471116391,0.31351099133184906,0.10819603274489122,0.3889682002900417,0.2461349679307403,0.2433609657576898,0.2583533080563792,0.2583533080563792,1265416,199682987,157.80027042490374
Opposition,0.10532826841596823,0.5359818079253397,0.14100251565392066,0.7141939333937277,0.08881313588919293,0.24136599611830142,0.08656694179136279,0.2701629044232131,0.13822948846454916,0.3424666932542069,0.1532139274741645,0.3979431685878338,0.02420077993116026,0.3117292609440097,0.02098969512746507,0.39901337813449705,0.1939295067400124,0.2305709349025513,0.20529475684450008,0.20529475684450008,903932,173640228,192.0943478049234
